[{
        "id": 901,
        "title": "预览站点",
        "icon": "layui-icon layui-icon-website",
        "type": 1,
        "href": "readapp.html"
    }, {
        "id": 1,
        "title": "系统配置",
        "icon": "layui-icon layui-icon-console",
        "type": 0,
        "href": "",
        "children": [{
                "id": 10,
                "title": "首页",
                "icon": "layui-icon layui-icon-console",
                "type": 1,
                "openType": "_iframe",
                "href": "view/console/console1.html"
            },
            {
                "id": 101,
                "title": "管理员信息",
                "icon": "layui-icon layui-icon-console",
                "type": 1,
                "openType": "_iframe",
                "href": "view/console/adminlist.html"
            },
            {
                "id": 102,
                "title": "轮播图",
                "icon": "layui-icon layui-icon-console",
                "type": 1,
                "openType": "_iframe",
                "href": "view/console/banner.html"
            }

        ]
    }, {
        "id": "novelcategorys",
        "title": "分类管理",
        "icon": "layui-icon layui-icon-layouts",
        "type": 0,
        "href": "",
        "children": [{
            "id": 1001,
            "title": "全部分类",
            "icon": "layui-icon layui-icon-list",
            "type": 1,
            "openType": "_iframe",
            "href": "view/novelcategorys/all.html"
        }]
    },

    {
        "id": "novellist",
        "title": "小说管理",
        "icon": "layui-icon layui-icon-list",
        "type": 0,
        "href": "",
        "children": [{
                "id": 2001,
                "title": "小说列表",
                "icon": "layui-icon layui-icon-list",
                "type": 1,
                "openType": "_iframe",
                "href": "view/novellist/booklist.html"
            },
            {
                "id": 2002,
                "title": "导入整本",
                "icon": "layui-icon layui-icon-list",
                "type": 1,
                "openType": "_iframe",
                "href": "view/novellist/importbook.html"
            }

        ]
    }
]